timestamp,patient_name,phone,appointment_date,appointment_time,status,error,message_hash,dedup_key
2026-09-26 20:55:28,James Laterra,+17725796722,09/21/2026,10:00 AM,SEARCH_TIMEOUT,Search failed,,+17725796722_09/21/2026_10:00 am
2026-09-26 22:29:00,James Laterra,+17725796722,09/21/2026,10:00 AM,SEARCH_TIMEOUT,Search failed,,+17725796722_09/21/2026_10:00 am
2026-09-26 22:29:18,Stephen Lyons,+17725796723,09/21/2026,11:30 AM,SEARCH_TIMEOUT,Search failed,,+17725796723_09/21/2026_11:30 am
2026-09-26 22:29:32,Linda Balch,+17725796724,09/21/2026,02:00 PM,TO_FIELD_NOT_FOUND,Search failed,,+17725796724_09/21/2026_02:00 pm
2026-09-26 22:36:19,James Laterra,+17725796722,09/21/2026,10:00 AM,NO_RECIPIENT_FOUND,No matching contact found for target phone ending in 6722.,,+17725796722_09/21/2026_10:00 am
2026-09-26 22:36:28,Stephen Lyons,+17725796723,09/21/2026,11:30 AM,NO_RECIPIENT_FOUND,No matching contact found for target phone ending in 6723.,,+17725796723_09/21/2026_11:30 am
2026-09-26 22:36:35,Linda Balch,+17725796724,09/21/2026,02:00 PM,NO_RECIPIENT_FOUND,No matching contact found for target phone ending in 6724.,,+17725796724_09/21/2026_02:00 pm
2026-09-26 22:50:56,James Laterra,+17725796722,09/21/2026,10:00 AM,SEND_BUTTON_NOT_FOUND,Not ready,,+17725796722_09/21/2026_10:00 am
2026-09-26 22:51:05,Stephen Lyons,+17725796723,09/21/2026,11:30 AM,SEND_BUTTON_NOT_FOUND,Not ready,,+17725796723_09/21/2026_11:30 am
2026-09-26 22:51:14,Linda Balch,+17725796724,09/21/2026,02:00 PM,SEND_BUTTON_NOT_FOUND,Not ready,,+17725796724_09/21/2026_02:00 pm
2026-09-26 22:51:59,James Laterra,+17725796722,09/21/2026,10:00 AM,SEND_BUTTON_NOT_FOUND,Not ready,,+17725796722_09/21/2026_10:00 am
2026-09-26 22:52:09,Stephen Lyons,+17725796723,09/21/2026,11:30 AM,SEND_BUTTON_NOT_FOUND,Not ready,,+17725796723_09/21/2026_11:30 am
2026-09-26 22:52:18,Linda Balch,+17725796724,09/21/2026,02:00 PM,SEND_BUTTON_NOT_FOUND,Not ready,,+17725796724_09/21/2026_02:00 pm
2026-09-26 22:59:56,James Laterra,+17725796722,09/21/2026,10:00 AM,READY_TO_SEND,Search failed,,+17725796722_09/21/2026_10:00 am
2026-09-26 23:00:02,Stephen Lyons,+17725796723,09/21/2026,11:30 AM,READY_TO_SEND,Search failed,,+17725796723_09/21/2026_11:30 am
2026-09-26 23:00:08,Linda Balch,+17725796724,09/21/2026,02:00 PM,READY_TO_SEND,Search failed,,+17725796724_09/21/2026_02:00 pm
2026-09-26 23:25:13,James Laterra,+17725796722,09/21/2026,10:00 AM,SEND_BUTTON_NOT_FOUND,Not ready,,+17725796722_09/21/2026_10:00 am
2026-09-26 23:25:23,Stephen Lyons,+17725796723,09/21/2026,11:30 AM,SEND_BUTTON_NOT_FOUND,Not ready,,+17725796723_09/21/2026_11:30 am
2026-09-26 23:25:34,Linda Balch,+17725796724,09/21/2026,02:00 PM,SEND_BUTTON_NOT_FOUND,Not ready,,+17725796724_09/21/2026_02:00 pm
2026-09-27 18:46:45,James Laterra,+17725796722,09/21/2026,10:00 AM,FAILED,MESSAGES: MESSAGES_NOT_FOUND,,+17725796722_09/21/2026_10:00 am
2026-09-27 18:47:00,Stephen Lyons,+17725796723,09/21/2026,11:30 AM,FAILED,MESSAGES: MESSAGES_NOT_FOUND,,+17725796723_09/21/2026_11:30 am
2026-09-27 18:47:15,Linda Balch,+17725796724,09/21/2026,02:00 PM,FAILED,MESSAGES: MESSAGES_NOT_FOUND,,+17725796724_09/21/2026_02:00 pm
2026-09-27 18:49:40,James Laterra,+17725796722,09/21/2026,10:00 AM,FAILED,MESSAGES: MESSAGES_NOT_FOUND,,+17725796722_09/21/2026_10:00 am
2026-09-27 18:49:42,Stephen Lyons,+17725796723,09/21/2026,11:30 AM,FAILED,MESSAGES: MESSAGES_NOT_FOUND,,+17725796723_09/21/2026_11:30 am
2026-09-27 18:49:42,Linda Balch,+17725796724,09/21/2026,02:00 PM,FAILED,MESSAGES: MESSAGES_NOT_FOUND,,+17725796724_09/21/2026_02:00 pm
2026-09-27 22:31:24,James Laterra,+17725796722,09/21/2026,10:00 AM,MESSAGE_INPUT_NOT_FOUND,Message composition failed,ebe57951c3aef75b7dac4946a6d98d62cab72b510f46fad7bc9b47a33c3596a0,+17725796722_09/21/2026_10:00 am
2026-09-27 22:31:50,Stephen Lyons,+17725796723,09/21/2026,11:30 AM,MESSAGE_INPUT_NOT_FOUND,Message composition failed,9ee020838bcd07d117056d60904af27608625e1fa04aa072bd7be1246e68e53a,+17725796723_09/21/2026_11:30 am
2026-09-27 22:32:18,Linda Balch,+17725796724,09/21/2026,02:00 PM,MESSAGE_INPUT_NOT_FOUND,Message composition failed,cf07ad91482e63fa4f5de77e4fcf7fcb597914d8654c20e7e215c583cdb6e5ac,+17725796724_09/21/2026_02:00 pm
2026-09-27 22:45:12,James Laterra,+17725796722,09/21/2026,10:00 AM,SEND_BUTTON_NOT_FOUND,Pre-send verification failed,ebe57951c3aef75b7dac4946a6d98d62cab72b510f46fad7bc9b47a33c3596a0,+17725796722_09/21/2026_10:00 am
2026-09-27 22:45:23,Stephen Lyons,+17725796723,09/21/2026,11:30 AM,SEND_BUTTON_NOT_FOUND,Pre-send verification failed,9ee020838bcd07d117056d60904af27608625e1fa04aa072bd7be1246e68e53a,+17725796723_09/21/2026_11:30 am
2026-09-27 22:45:47,Linda Balch,+17725796724,09/21/2026,02:00 PM,MESSAGE_INPUT_NOT_FOUND,Message composition failed,cf07ad91482e63fa4f5de77e4fcf7fcb597914d8654c20e7e215c583cdb6e5ac,+17725796724_09/21/2026_02:00 pm
2026-09-27 22:46:30,James Laterra,+17725796722,09/21/2026,10:00 AM,SEND_BUTTON_NOT_FOUND,Pre-send verification failed,ebe57951c3aef75b7dac4946a6d98d62cab72b510f46fad7bc9b47a33c3596a0,+17725796722_09/21/2026_10:00 am
2026-09-27 22:46:40,Stephen Lyons,+17725796723,09/21/2026,11:30 AM,SEND_BUTTON_NOT_FOUND,Pre-send verification failed,9ee020838bcd07d117056d60904af27608625e1fa04aa072bd7be1246e68e53a,+17725796723_09/21/2026_11:30 am
2026-09-27 22:46:50,Linda Balch,+17725796724,09/21/2026,02:00 PM,SEND_BUTTON_NOT_FOUND,Pre-send verification failed,cf07ad91482e63fa4f5de77e4fcf7fcb597914d8654c20e7e215c583cdb6e5ac,+17725796724_09/21/2026_02:00 pm
2026-09-27 22:48:49,James Laterra,+17725796722,09/21/2026,10:00 AM,SEND_BUTTON_NOT_FOUND,Pre-send verification failed,ebe57951c3aef75b7dac4946a6d98d62cab72b510f46fad7bc9b47a33c3596a0,+17725796722_09/21/2026_10:00 am
2026-09-27 22:49:01,Stephen Lyons,+17725796723,09/21/2026,11:30 AM,SEND_BUTTON_NOT_FOUND,Pre-send verification failed,9ee020838bcd07d117056d60904af27608625e1fa04aa072bd7be1246e68e53a,+17725796723_09/21/2026_11:30 am
2026-09-27 22:49:12,Linda Balch,+17725796724,09/21/2026,02:00 PM,SEND_BUTTON_NOT_FOUND,Pre-send verification failed,cf07ad91482e63fa4f5de77e4fcf7fcb597914d8654c20e7e215c583cdb6e5ac,+17725796724_09/21/2026_02:00 pm
2026-09-27 22:54:48,James Laterra,+17725796722,09/21/2026,10:00 AM,MESSAGE_INPUT_NOT_FOUND,Pre-send verification failed,ebe57951c3aef75b7dac4946a6d98d62cab72b510f46fad7bc9b47a33c3596a0,+17725796722_09/21/2026_10:00 am
2026-09-27 22:54:52,Stephen Lyons,+17725796723,09/21/2026,11:30 AM,TO_FIELD_NOT_FOUND,Recipient search failed,,+17725796723_09/21/2026_11:30 am
2026-09-27 23:08:04,Hemlata shah,7984581428,09/21/2026,10:00 AM,MESSAGE_INPUT_NOT_FOUND,Message composition failed,ebe57951c3aef75b7dac4946a6d98d62cab72b510f46fad7bc9b47a33c3596a0,+17984581428_09/21/2026_10:00 am
2026-09-27 23:08:29,Hemlata shah,7984581428,09/21/2026,11:30 AM,MESSAGE_INPUT_NOT_FOUND,Message composition failed,9ee020838bcd07d117056d60904af27608625e1fa04aa072bd7be1246e68e53a,+17984581428_09/21/2026_11:30 am
2026-09-27 23:08:40,Hemlata shah,7984581428,09/21/2026,02:00 PM,MESSAGE_INPUT_NOT_FOUND,Message composition failed,cf07ad91482e63fa4f5de77e4fcf7fcb597914d8654c20e7e215c583cdb6e5ac,+17984581428_09/21/2026_02:00 pm
2026-09-27 23:09:11,Hemlata shah,+917984581428,09/21/2026,10:00 AM,MESSAGE_INPUT_NOT_FOUND,Message composition failed,ebe57951c3aef75b7dac4946a6d98d62cab72b510f46fad7bc9b47a33c3596a0,+917984581428_09/21/2026_10:00 am
2026-09-27 23:15:16,Hemlata Shah,5612086041,09/21/2026,10:00 AM,MESSAGE_INPUT_NOT_FOUND,Pre-send verification failed,ebe57951c3aef75b7dac4946a6d98d62cab72b510f46fad7bc9b47a33c3596a0,+15612086041_09/21/2026_10:00 am
2026-09-27 23:15:25,Stephen Lyons,+17725796723,09/21/2026,11:30 AM,FAILED,"Locator.wait_for: Target page, context or browser has been closed",,+17725796723_09/21/2026_11:30 am
2026-09-27 23:21:59,Hemlata Shah,5612086041,09/21/2026,10:00 AM,MESSAGE_INPUT_NOT_FOUND,Pre-send verification failed,ebe57951c3aef75b7dac4946a6d98d62cab72b510f46fad7bc9b47a33c3596a0,+15612086041_09/21/2026_10:00 am
2026-09-27 23:22:08,Stephen Lyons,+17725796723,09/21/2026,11:30 AM,SEND_BUTTON_NOT_FOUND,Pre-send verification failed,9ee020838bcd07d117056d60904af27608625e1fa04aa072bd7be1246e68e53a,+17725796723_09/21/2026_11:30 am
2026-09-27 23:22:17,Linda Balch,+17725796724,09/21/2026,02:00 PM,SEND_BUTTON_NOT_FOUND,Pre-send verification failed,cf07ad91482e63fa4f5de77e4fcf7fcb597914d8654c20e7e215c583cdb6e5ac,+17725796724_09/21/2026_02:00 pm
2026-09-27 23:25:53,Hemlata Shah,5612086041,09/21/2026,10:00 AM,READY_TO_SEND,,ebe57951c3aef75b7dac4946a6d98d62cab72b510f46fad7bc9b47a33c3596a0,+15612086041_09/21/2026_10:00 am
2026-09-27 23:26:02,Stephen Lyons,+17725796723,09/21/2026,11:30 AM,READY_TO_SEND,,9ee020838bcd07d117056d60904af27608625e1fa04aa072bd7be1246e68e53a,+17725796723_09/21/2026_11:30 am
2026-09-27 23:26:11,Linda Balch,+17725796724,09/21/2026,02:00 PM,READY_TO_SEND,,cf07ad91482e63fa4f5de77e4fcf7fcb597914d8654c20e7e215c583cdb6e5ac,+17725796724_09/21/2026_02:00 pm
2026-09-27 23:26:54,Hemlata Shah,5612086041,09/21/2026,10:00 AM,READY_TO_SEND,,ebe57951c3aef75b7dac4946a6d98d62cab72b510f46fad7bc9b47a33c3596a0,+15612086041_09/21/2026_10:00 am
2026-09-27 23:27:03,Stephen Lyons,+17725796723,09/21/2026,11:30 AM,READY_TO_SEND,,9ee020838bcd07d117056d60904af27608625e1fa04aa072bd7be1246e68e53a,+17725796723_09/21/2026_11:30 am
2026-09-27 23:27:12,Linda Balch,+17725796724,09/21/2026,02:00 PM,READY_TO_SEND,,cf07ad91482e63fa4f5de77e4fcf7fcb597914d8654c20e7e215c583cdb6e5ac,+17725796724_09/21/2026_02:00 pm
2026-09-27 23:28:25,James Laterra,+17725796722,09/21/2026,10:00 AM,READY_TO_SEND,,ebe57951c3aef75b7dac4946a6d98d62cab72b510f46fad7bc9b47a33c3596a0,+17725796722_09/21/2026_10:00 am
2026-09-27 23:28:34,Stephen Lyons,+17725796723,09/21/2026,11:30 AM,READY_TO_SEND,,9ee020838bcd07d117056d60904af27608625e1fa04aa072bd7be1246e68e53a,+17725796723_09/21/2026_11:30 am
2026-09-27 23:28:43,Linda Balch,+17725796724,09/21/2026,02:00 PM,READY_TO_SEND,,cf07ad91482e63fa4f5de77e4fcf7fcb597914d8654c20e7e215c583cdb6e5ac,+17725796724_09/21/2026_02:00 pm
2026-09-27 23:29:20,James Laterra,+17725796722,09/21/2026,10:00 AM,READY_TO_SEND,,ebe57951c3aef75b7dac4946a6d98d62cab72b510f46fad7bc9b47a33c3596a0,+17725796722_09/21/2026_10:00 am
2026-09-27 23:34:47,James Laterra,+17725796722,09/21/2026,10:00 AM,READY_TO_SEND,,ebe57951c3aef75b7dac4946a6d98d62cab72b510f46fad7bc9b47a33c3596a0,+17725796722_09/21/2026_10:00 am
2026-09-27 23:38:48,James Laterra,+17725796722,09/21/2026,10:00 AM,MESSAGE_INPUT_NOT_FOUND,Pre-send verification failed,ebe57951c3aef75b7dac4946a6d98d62cab72b510f46fad7bc9b47a33c3596a0,+17725796722_09/21/2026_10:00 am
2026-09-27 23:41:11,James Laterra,+17725796722,09/21/2026,10:00 AM,MESSAGE_INPUT_NOT_FOUND,Pre-send verification failed,ebe57951c3aef75b7dac4946a6d98d62cab72b510f46fad7bc9b47a33c3596a0,+17725796722_09/21/2026_10:00 am
2026-09-27 23:41:26,Michael Belfiore,9513707328,09/21/2026,2:00 PM,READY_TO_SEND,,0b922fcbf24260459284c2b413a7e60eb6258d9fc677a96fdbe0ed8b4fb1b1b0,+19513707328_09/21/2026_2:00 pm
2026-09-27 23:44:10,James Laterra,+17725796722,09/21/2026,10:00 AM,READY_TO_SEND,,ebe57951c3aef75b7dac4946a6d98d62cab72b510f46fad7bc9b47a33c3596a0,+17725796722_09/21/2026_10:00 am
2026-09-27 23:44:27,Michael Belfiore,9513707328,09/21/2026,2:00 PM,READY_TO_SEND,,0b922fcbf24260459284c2b413a7e60eb6258d9fc677a96fdbe0ed8b4fb1b1b0,+19513707328_09/21/2026_2:00 pm
2026-09-27 23:45:13,James Laterra,+17725796722,09/21/2026,10:00 AM,READY_TO_SEND,,ebe57951c3aef75b7dac4946a6d98d62cab72b510f46fad7bc9b47a33c3596a0,+17725796722_09/21/2026_10:00 am
2026-09-27 23:45:31,Michael Belfiore,9513707328,09/21/2026,2:00 PM,READY_TO_SEND,,0b922fcbf24260459284c2b413a7e60eb6258d9fc677a96fdbe0ed8b4fb1b1b0,+19513707328_09/21/2026_2:00 pm
2026-09-27 23:47:43,James Laterra,+17725796722,09/21/2026,10:00 AM,READY_TO_SEND,,ebe57951c3aef75b7dac4946a6d98d62cab72b510f46fad7bc9b47a33c3596a0,+17725796722_09/21/2026_10:00 am
2026-09-27 23:48:15,Michael Belfiore,9513707328,09/21/2026,2:00 PM,READY_TO_SEND,,0b922fcbf24260459284c2b413a7e60eb6258d9fc677a96fdbe0ed8b4fb1b1b0,+19513707328_09/21/2026_2:00 pm
2026-09-27 23:50:50,James Laterra,+17725796722,09/21/2026,10:00 AM,READY_TO_SEND,,ebe57951c3aef75b7dac4946a6d98d62cab72b510f46fad7bc9b47a33c3596a0,+17725796722_09/21/2026_10:00 am
2026-09-27 23:51:18,Michael Belfiore,9513707328,09/21/2026,2:00 PM,READY_TO_SEND,,0b922fcbf24260459284c2b413a7e60eb6258d9fc677a96fdbe0ed8b4fb1b1b0,+19513707328_09/21/2026_2:00 pm
2026-09-27 23:54:08,Bradley Reynolds,772-409-4759,09/01/2026,8:45 AM,READY_TO_SEND,,0ae9d9a8ac5f9ff6821be6a93b3bd27125cf44d4083e8f7baacd8151ae44eb7e,+17724094759_09/01/2026_8:45 am
2026-09-27 23:54:33,Gina Stewart,772-940-1643,09/01/2026,9:00 AM,MESSAGE_INPUT_NOT_FOUND,Message composition failed,f5b860e61d74d9cd7c76ec0ad6870d27e9e9c126ec71621d3bb6967e74d62958,+17729401643_09/01/2026_9:00 am
2026-09-27 23:55:01,Stanley Porter,772-579-2232,09/01/2026,9:00 AM,READY_TO_SEND,,f5b860e61d74d9cd7c76ec0ad6870d27e9e9c126ec71621d3bb6967e74d62958,+17725792232_09/01/2026_9:00 am
2026-09-27 23:55:28,Charles Sheets,772-595-7056,09/01/2026,9:00 AM,READY_TO_SEND,,f5b860e61d74d9cd7c76ec0ad6870d27e9e9c126ec71621d3bb6967e74d62958,+17725957056_09/01/2026_9:00 am
2026-09-27 23:55:58,Wanda Tucker,443-600-6427,09/01/2026,9:15 AM,READY_TO_SEND,,99b0137e6ea68392a3effd6f3d648b183fa2d7abc349c210f846115e1daa750b,+14436006427_09/01/2026_9:15 am
2026-09-27 23:56:28,Norma Turner,772-971-5070,09/01/2026,9:30 AM,READY_TO_SEND,,cc83bbdfef790b6632d4bc9484011a6154aac0f65ecbd0087273b14f97046637,+17729715070_09/01/2026_9:30 am
2026-09-27 23:56:57,Glen Manchester,772-216-6269,09/01/2026,9:45 AM,READY_TO_SEND,,96d02e02f881104c30ce566e3b2f0c1ce4244de71b34f21a5369e2da0485c682,+17722166269_09/01/2026_9:45 am
2026-09-27 23:57:25,Hyacinth McDowall,772-461-7635,09/01/2026,9:45 AM,READY_TO_SEND,,96d02e02f881104c30ce566e3b2f0c1ce4244de71b34f21a5369e2da0485c682,+17724617635_09/01/2026_9:45 am
2026-09-27 23:57:52,Jessica Strandell,954-608-8226,09/01/2026,10:00 AM,READY_TO_SEND,,11cc75b31bcb72745f929713f256f2ae16e9c48eecacf3807575771120e339fe,+19546088226_09/01/2026_10:00 am
2026-09-27 23:58:20,Kelly Canney,603-973-6901,09/01/2026,10:00 AM,READY_TO_SEND,,11cc75b31bcb72745f929713f256f2ae16e9c48eecacf3807575771120e339fe,+16039736901_09/01/2026_10:00 am
2026-09-27 23:58:47,Anita Lipack,772-466-1919,09/01/2026,10:00 AM,READY_TO_SEND,,11cc75b31bcb72745f929713f256f2ae16e9c48eecacf3807575771120e339fe,+17724661919_09/01/2026_10:00 am
2026-09-28 00:04:49,Bradley Reynolds,772-409-4759,09/01/2026,8:45 AM,READY_TO_SEND,,0ae9d9a8ac5f9ff6821be6a93b3bd27125cf44d4083e8f7baacd8151ae44eb7e,+17724094759_09/01/2026_8:45 am
2026-09-28 00:05:16,Gina Stewart,772-940-1643,09/01/2026,9:00 AM,MESSAGE_INPUT_NOT_FOUND,Message composition failed,f5b860e61d74d9cd7c76ec0ad6870d27e9e9c126ec71621d3bb6967e74d62958,+17729401643_09/01/2026_9:00 am
2026-09-28 00:05:46,Stanley Porter,772-579-2232,09/01/2026,9:00 AM,READY_TO_SEND,,f5b860e61d74d9cd7c76ec0ad6870d27e9e9c126ec71621d3bb6967e74d62958,+17725792232_09/01/2026_9:00 am
2026-09-28 00:06:14,Charles Sheets,772-595-7056,09/01/2026,9:00 AM,READY_TO_SEND,,f5b860e61d74d9cd7c76ec0ad6870d27e9e9c126ec71621d3bb6967e74d62958,+17725957056_09/01/2026_9:00 am
2026-09-28 00:06:41,Wanda Tucker,443-600-6427,09/01/2026,9:15 AM,READY_TO_SEND,,99b0137e6ea68392a3effd6f3d648b183fa2d7abc349c210f846115e1daa750b,+14436006427_09/01/2026_9:15 am
2026-09-28 16:18:50,Nicholas Mashaw,772-708-1941,09/29/2026,8:15 AM,READY_TO_SEND,,412f2e53f2714b1f27575b367a45a57c5efd1d8f24933ecfb8b77f956f0df6a8,+17727081941_09/29/2026_8:15 am
2026-09-28 16:19:23,Luvenia Morgan,772-466-0770,09/29/2026,9:00 AM,READY_TO_SEND,,9404877b9e51eec0d0a99dec339358c105b517a01c73055856b9f8de64495d7a,+17724660770_09/29/2026_9:00 am
2026-09-28 16:19:54,Edward Porto,203-597-7108,09/29/2026,9:15 AM,READY_TO_SEND,,77e7755433dc406d2fa39544344c87b14c23425c0c5d00c8f7d6706944351e43,+12035977108_09/29/2026_9:15 am
2026-09-28 16:20:27,Francina Cox,772-359-7454,09/29/2026,9:30 AM,READY_TO_SEND,,1ae9d44160905b785984ded4f2acef3a080826d97530a0bea4f5b858c4e30433,+17723597454_09/29/2026_9:30 am
2026-09-28 16:20:55,Patsy Roberts,772-480-9626,09/29/2026,9:30 AM,READY_TO_SEND,,1ae9d44160905b785984ded4f2acef3a080826d97530a0bea4f5b858c4e30433,+17724809626_09/29/2026_9:30 am
2026-09-28 16:27:21,Nicholas Mashaw,772-708-1941,09/29/2026,8:15 AM,SEND_UNCONFIRMED,Send was not confidently confirmed,412f2e53f2714b1f27575b367a45a57c5efd1d8f24933ecfb8b77f956f0df6a8,+17727081941_09/29/2026_8:15 am
2026-09-28 16:28:01,Luvenia Morgan,772-466-0770,09/29/2026,9:00 AM,SEND_UNCONFIRMED,Send was not confidently confirmed,9404877b9e51eec0d0a99dec339358c105b517a01c73055856b9f8de64495d7a,+17724660770_09/29/2026_9:00 am
2026-09-28 16:28:49,Edward Porto,203-597-7108,09/29/2026,9:15 AM,SEND_UNCONFIRMED,Send was not confidently confirmed,77e7755433dc406d2fa39544344c87b14c23425c0c5d00c8f7d6706944351e43,+12035977108_09/29/2026_9:15 am
2026-09-28 16:29:33,Francina Cox,772-359-7454,09/29/2026,9:30 AM,SEND_UNCONFIRMED,Send was not confidently confirmed,1ae9d44160905b785984ded4f2acef3a080826d97530a0bea4f5b858c4e30433,+17723597454_09/29/2026_9:30 am
2026-09-28 16:37:14,Nicholas Mashaw,772-708-1941,09/29/2026,8:15 AM,SENT,,412f2e53f2714b1f27575b367a45a57c5efd1d8f24933ecfb8b77f956f0df6a8,+17727081941_09/29/2026_8:15 am
2026-09-28 16:38:09,Luvenia Morgan,772-466-0770,09/29/2026,9:00 AM,SENT,,9404877b9e51eec0d0a99dec339358c105b517a01c73055856b9f8de64495d7a,+17724660770_09/29/2026_9:00 am
2026-09-28 16:38:58,Edward Porto,203-597-7108,09/29/2026,9:15 AM,SENT,,77e7755433dc406d2fa39544344c87b14c23425c0c5d00c8f7d6706944351e43,+12035977108_09/29/2026_9:15 am
2026-09-28 16:39:47,Francina Cox,772-359-7454,09/29/2026,9:30 AM,SENT,,1ae9d44160905b785984ded4f2acef3a080826d97530a0bea4f5b858c4e30433,+17723597454_09/29/2026_9:30 am
2026-09-28 16:40:43,Patsy Roberts,772-480-9626,09/29/2026,9:30 AM,SENT,,1ae9d44160905b785984ded4f2acef3a080826d97530a0bea4f5b858c4e30433,+17724809626_09/29/2026_9:30 am
2026-09-28 17:06:16,DOLNICK LISA DRAY,772-828-6543,9/29/2026,9:45 AM,READY_TO_SEND,,3f1dd9d470f2e3c0e7ab68ad3dc003aa0e9148372da02fee31e4cacd68909bc4,+17728286543_9/29/2026_9:45 am
2026-09-28 17:06:40,Hanson Geraldine,772-207-8748,9/29/2026,10:00 AM,READY_TO_SEND,,093a709a0c1f664322d1adc2b23f81afa5540ea09bdc12412ffe112cbf579e56,+17722078748_9/29/2026_10:00 am
2026-09-28 17:07:03,Bynoe Felicia,772-292-4250,9/29/2026,10:00 AM,READY_TO_SEND,,093a709a0c1f664322d1adc2b23f81afa5540ea09bdc12412ffe112cbf579e56,+17722924250_9/29/2026_10:00 am
2026-09-28 17:07:30,TORRES LUIS,347-325-4553,9/29/2026,10:00 AM,READY_TO_SEND,,093a709a0c1f664322d1adc2b23f81afa5540ea09bdc12412ffe112cbf579e56,+13473254553_9/29/2026_10:00 am
2026-09-28 18:19:20,DOLNICK LISA DRAY,772-828-6543,9/29/2026,9:45 AM,CONVERSATION_LOAD_TIMEOUT,Conversation recipient could not be verified,,+17728286543_9/29/2026_9:45 am
2026-09-28 18:19:53,Hanson Geraldine,772-207-8748,9/29/2026,10:00 AM,READY_TO_SEND,,093a709a0c1f664322d1adc2b23f81afa5540ea09bdc12412ffe112cbf579e56,+17722078748_9/29/2026_10:00 am
2026-09-28 18:20:17,Bynoe Felicia,772-292-4250,9/29/2026,10:00 AM,READY_TO_SEND,,093a709a0c1f664322d1adc2b23f81afa5540ea09bdc12412ffe112cbf579e56,+17722924250_9/29/2026_10:00 am
2026-09-28 18:20:50,TORRES LUIS,347-325-4553,9/29/2026,10:00 AM,READY_TO_SEND,,093a709a0c1f664322d1adc2b23f81afa5540ea09bdc12412ffe112cbf579e56,+13473254553_9/29/2026_10:00 am
2026-09-28 21:55:57,"MASHAW, NICHOLAS",772-708-1941,2026-09-29,8:15 AM,READY_TO_SEND,,d5553f9b365a78038be16b405f6ba08d386064fb503d2ea78bb9d033969ef7f4,+17727081941_2026-09-29_8:15 am
2026-09-28 21:56:37,"MORGAN, LUVENIA",772-466-0770,2026-09-29,9:00 AM,READY_TO_SEND,,d6b3ca5e7f2ac74de27140d4d2240948eede6aeb253293bfba35eccef71fce68,+17724660770_2026-09-29_9:00 am
2026-09-28 21:57:11,"PORTO, EDWARD",203-597-7108,2026-09-29,9:15 AM,READY_TO_SEND,,89ff16d2692142f6dc84dd06a15946529f1849cbbdf618daf22b4a66d64b3957,+12035977108_2026-09-29_9:15 am
2026-09-28 21:57:38,"COX, FRANCINA",772-359-7454,2026-09-29,9:30 AM,READY_TO_SEND,,d9a01dff247d5d59526d2c4bce8f79776a47ef99a40c06f8cc5f7025fb6fa1b7,+17723597454_2026-09-29_9:30 am
2026-09-28 21:58:13,"ROBERTS, PATSY",772-480-9626,2026-09-29,9:30 AM,READY_TO_SEND,,d9a01dff247d5d59526d2c4bce8f79776a47ef99a40c06f8cc5f7025fb6fa1b7,+17724809626_2026-09-29_9:30 am
2026-09-28 22:47:51,"MASHAW, NICHOLAS",772-708-1941,2026-09-29,8:15 AM,READY_TO_SEND,,d5553f9b365a78038be16b405f6ba08d386064fb503d2ea78bb9d033969ef7f4,+17727081941_2026-09-29_8:15 am
2026-09-28 22:48:32,"MORGAN, LUVENIA",772-466-0770,2026-09-29,9:00 AM,CONVERSATION_LOAD_TIMEOUT,Conversation recipient could not be verified,,+17724660770_2026-09-29_9:00 am
2026-09-28 22:49:23,"PORTO, EDWARD",203-597-7108,2026-09-29,9:15 AM,READY_TO_SEND,,89ff16d2692142f6dc84dd06a15946529f1849cbbdf618daf22b4a66d64b3957,+12035977108_2026-09-29_9:15 am
2026-09-28 22:49:59,"COX, FRANCINA",772-359-7454,2026-09-29,9:30 AM,READY_TO_SEND,,d9a01dff247d5d59526d2c4bce8f79776a47ef99a40c06f8cc5f7025fb6fa1b7,+17723597454_2026-09-29_9:30 am
2026-09-28 22:50:35,"ROBERTS, PATSY",772-480-9626,2026-09-29,9:30 AM,READY_TO_SEND,,d9a01dff247d5d59526d2c4bce8f79776a47ef99a40c06f8cc5f7025fb6fa1b7,+17724809626_2026-09-29_9:30 am
2026-09-28 22:53:56,"PORTO, EDWARD",203-597-7108,2026-09-29,9:15 AM,READY_TO_SEND,,89ff16d2692142f6dc84dd06a15946529f1849cbbdf618daf22b4a66d64b3957,+12035977108_2026-09-29_9:15 am
2026-09-28 22:54:32,"ROBERTS, PATSY",772-480-9626,2026-09-29,9:30 AM,READY_TO_SEND,,d9a01dff247d5d59526d2c4bce8f79776a47ef99a40c06f8cc5f7025fb6fa1b7,+17724809626_2026-09-29_9:30 am
2026-09-28 23:22:15,"MORGAN, LUVENIA",772-466-0770,2026-09-29,9:00 AM,READY_TO_SEND,,d6b3ca5e7f2ac74de27140d4d2240948eede6aeb253293bfba35eccef71fce68,+17724660770_2026-09-29_9:00 am
2026-09-28 23:22:43,"COX, FRANCINA",772-359-7454,2026-09-29,9:30 AM,READY_TO_SEND,,d9a01dff247d5d59526d2c4bce8f79776a47ef99a40c06f8cc5f7025fb6fa1b7,+17723597454_2026-09-29_9:30 am
2026-09-29 20:52:09,JOHNSON PAUL,772-461-3963,2026-09-30,10:00 AM,SENT,,e3a986ba0e01d0b6b89d9131c38db285408be78fd3ef211e55bdabd25ef6ffa3,+17724613963_2026-09-30_10:00 am
2026-09-29 20:52:37,SENIOR RANFORD,772-293-7548,2026-09-30,10:15 AM,MESSAGE_INPUT_NOT_FOUND,Message composition failed,082283c92b706109247ae317c37d601044ae70ea0b3e0ff9b56e9d0aeb69fc3f,+17722937548_2026-09-30_10:15 am
2026-09-29 20:53:42,FOSTER SANDRA,772-359-4543,2026-09-30,10:30 AM,SENT,,2d6584cd321130252b8faf66ba4178abd256595349e69a17040172ed1945ce2f,+17723594543_2026-09-30_10:30 am
2026-09-29 20:54:41,Bartolac Ginilee,772-465-9035,2026-09-30,10:30 AM,SENT,,2d6584cd321130252b8faf66ba4178abd256595349e69a17040172ed1945ce2f,+17724659035_2026-09-30_10:30 am
2026-09-29 20:55:33,FEROLI JOHN,508-313-6418,2026-09-30,11:00 AM,SENT,,f51c96620498d92e6feedb2a8e4ed28b1bfc6e3de25788df5c9cc9dd3aa4dfa8,+15083136418_2026-09-30_11:00 am
2026-09-29 20:56:24,MICHALOSKI BETHANN,772-224-7522,2026-09-30,11:00 AM,SENT,,f51c96620498d92e6feedb2a8e4ed28b1bfc6e3de25788df5c9cc9dd3aa4dfa8,+17722247522_2026-09-30_11:00 am
2026-09-29 20:57:19,Bagheri Livy,770-547-1567,2026-09-30,11:30 AM,SENT,,0e51e4b2d5e62c505000b905ad7699b083b7d17b20122401486fd57c5104ac32,+17705471567_2026-09-30_11:30 am
2026-09-29 20:58:14,Rosario Dilia,786-346-0617,2026-09-30,1:00 PM,SENT,,ba3f6367cb3f0d3125952e8f63e0b22ba0d0ef75321d794505b13aabc1c1f129,+17863460617_2026-09-30_1:00 pm
2026-09-29 20:59:06,PIPITONE VIRGINIA,772-302-5403,2026-09-30,1:00 PM,SENT,,ba3f6367cb3f0d3125952e8f63e0b22ba0d0ef75321d794505b13aabc1c1f129,+17723025403_2026-09-30_1:00 pm
2026-09-29 20:59:57,Sacchi Olivia,772-267-3474,2026-09-30,1:00 PM,SENT,,ba3f6367cb3f0d3125952e8f63e0b22ba0d0ef75321d794505b13aabc1c1f129,+17722673474_2026-09-30_1:00 pm
2026-09-29 21:00:48,PIPIEN LIANE,305-766-1619,2026-09-30,1:00 PM,SENT,,ba3f6367cb3f0d3125952e8f63e0b22ba0d0ef75321d794505b13aabc1c1f129,+13057661619_2026-09-30_1:00 pm
2026-09-29 21:01:44,Kitchen Kenneth,305-834-1864,2026-09-30,1:15 PM,SENT,,c340b8387429f36508d2cef98d88d79666c68601b3f293718d730564d8801058,+13058341864_2026-09-30_1:15 pm
2026-09-29 21:02:40,MACK NINA,772-519-3419,2026-09-30,1:15 PM,SENT,,c340b8387429f36508d2cef98d88d79666c68601b3f293718d730564d8801058,+17725193419_2026-09-30_1:15 pm
2026-09-29 21:03:30,LAWRENCE DEBRA,772-204-6580,2026-09-30,1:30 PM,SENT,,e322593313f27c4be3a8d17d31907c1f1470abc93a0c0ee2cf680f2c5dcb149c,+17722046580_2026-09-30_1:30 pm
2026-09-29 21:04:21,MINCEY DEBRA,772-464-1576,2026-09-30,2:00 PM,SENT,,2bafddf35ba88fa9b0659268abfd9671c6ce2e5ebd70bbcf49c4462fab2bb17f,+17724641576_2026-09-30_2:00 pm
2026-09-29 21:05:14,KEENE LISA,352-302-2502,2026-09-30,2:15 PM,SENT,,68b7c83fea160a290905a5fce8bffa2e801dd7de09e56d83d87ba75cf7112668,+13523022502_2026-09-30_2:15 pm
2026-09-29 21:06:14,Honeywell Cheri,954-445-2747,2026-09-30,2:30 PM,SENT,,626dec33ada44a99a3d108ffa400ed37a7a5be470e6bd9202bed78998db4239a,+19544452747_2026-09-30_2:30 pm
2026-09-29 21:07:14,Gaitor Tisha,772-696-2273,2026-09-30,3:00 PM,SENT,,cc0565c98380746c3d85bcbe436a492e205d5d3398aaf889657d2ee7ef8e24f7,+17726962273_2026-09-30_3:00 pm
2026-09-29 21:08:15,Richmond Courtney,561-677-0808,2026-09-30,3:00 PM,SENT,,cc0565c98380746c3d85bcbe436a492e205d5d3398aaf889657d2ee7ef8e24f7,+15616770808_2026-09-30_3:00 pm
2026-09-29 21:09:12,WALKER LORRAINE,772-579-0218,2026-09-30,3:45 PM,SENT,,484b6a4f0bf4dd5259e50dd3b98f0701b0844dc873a64cb6b6c2ea17a7f7a3a4,+17725790218_2026-09-30_3:45 pm
2026-09-29 21:10:16,Cabrieles Kassandra,561-543-1244,2026-09-30,3:45 PM,SENT,,484b6a4f0bf4dd5259e50dd3b98f0701b0844dc873a64cb6b6c2ea17a7f7a3a4,+15615431244_2026-09-30_3:45 pm
2026-09-29 21:11:12,Porchia Richard,313-768-8590,2026-09-30,4:00 PM,SENT,,a5a048952d0999c2242da4f6f2729fd897c4e9f9ad2f085992c85df1f0e1aab5,+13137688590_2026-09-30_4:00 pm
2026-09-29 21:12:07,VOGT CATHY,772-359-2111,2026-09-30,4:00 PM,SENT,,a5a048952d0999c2242da4f6f2729fd897c4e9f9ad2f085992c85df1f0e1aab5,+17723592111_2026-09-30_4:00 pm
2026-09-29 21:13:00,MOODY TREITA,772-940-6726,2026-09-30,4:00 PM,SENT,,a5a048952d0999c2242da4f6f2729fd897c4e9f9ad2f085992c85df1f0e1aab5,+17729406726_2026-09-30_4:00 pm
2026-09-29 21:13:58,Montesino Alexis,772-924-8345,2026-09-30,4:15 PM,SENT,,5c35f49d95af47e76d89881b19786f2af26f4b59ae9a06e739de751eaea9d670,+17729248345_2026-09-30_4:15 pm
2026-09-29 21:14:49,LEIS DEBRA,772-519-6885,2026-09-30,4:15 PM,SENT,,5c35f49d95af47e76d89881b19786f2af26f4b59ae9a06e739de751eaea9d670,+17725196885_2026-09-30_4:15 pm
2026-09-29 21:15:41,MITCHELL SUMMER,772-342-0718,2026-09-30,4:15 PM,SENT,,5c35f49d95af47e76d89881b19786f2af26f4b59ae9a06e739de751eaea9d670,+17723420718_2026-09-30_4:15 pm
2026-09-29 21:16:33,Tripoli MATTHEW,630-334-0411,2026-09-30,4:45 PM,SENT,,44c1c3daeceb6163c2ab3672cd530c8a885789d608da5696058edf5baca8a1a8,+16303340411_2026-09-30_4:45 pm
2026-09-29 21:17:25,HARTLEY ANGELITA,772-274-7160,2026-09-30,8:15 AM,SENT,,cae9d9fc79592e2b99eb1122b3bff24fcd2b6f6a9fabadc52c71c2c1ea50e6b0,+17722747160_2026-09-30_8:15 am
2026-09-29 21:18:16,Brancato Giuseppe,860-230-4561,2026-09-30,8:45 AM,SENT,,06c511995437801a244b32d7f02d8bf634c8063c98fe2046c34f0a97fb9fa10d,+18602304561_2026-09-30_8:45 am
2026-09-29 21:19:07,"MORGAN, LUVENIA",772-466-0770,2026-09-29,9:00 AM,SENT,,d6b3ca5e7f2ac74de27140d4d2240948eede6aeb253293bfba35eccef71fce68,+17724660770_2026-09-29_9:00 am
2026-09-29 21:19:58,Melbourne Michelle,347-408-6488,2026-09-30,9:00 AM,SENT,,d5ea07585f4575bf0a04bbfb27c54ba91f97fe7289051b43dac33996e0acef59,+13474086488_2026-09-30_9:00 am
2026-09-29 21:20:49,Hemlata Shah,561-208-6041,2026-09-30,9:00 AM,SENT,,d5ea07585f4575bf0a04bbfb27c54ba91f97fe7289051b43dac33996e0acef59,+15612086041_2026-09-30_9:00 am
2026-09-29 21:21:52,TORRES LUIS,347-325-4553,2026-09-30,9:15 AM,SENT,,fcb3b9f7b3145b76b95b314fc5610dc0d8b60d97e42845a38ee18300a3e09cc2,+13473254553_2026-09-30_9:15 am
2026-09-29 21:22:53,"COX, FRANCINA",772-359-7454,2026-09-29,9:30 AM,SENT,,d9a01dff247d5d59526d2c4bce8f79776a47ef99a40c06f8cc5f7025fb6fa1b7,+17723597454_2026-09-29_9:30 am
2026-09-29 21:23:51,Gingras Eva,904-424-6165,2026-09-30,9:30 AM,SENT,,643687080915bf05d32691527e4c9eb1eb5fe8b3036b0dce4c6829b8e7687a8b,+19044246165_2026-09-30_9:30 am
2026-09-29 21:24:46,Beckham Katherine,803-391-2577,2026-09-30,9:45 AM,SENT,,cf3985915fe661dc787efc4b937855bccd8282579bd4e73460ec29d96d0ec2e1,+18033912577_2026-09-30_9:45 am
2026-09-30 20:55:10,"Monina, Sima",772-359-5803,2026-10-01,10:00 AM,SENT,,c9d7e98ac32606552f728df8723d1ec95f83417cd4543b8509fa72edfbfba19d,+17723595803_2026-10-01_10:00 am
2026-09-30 20:55:55,"STONE, DOREEN",772-217-1350,2026-10-01,10:00 AM,SENT,,c9d7e98ac32606552f728df8723d1ec95f83417cd4543b8509fa72edfbfba19d,+17722171350_2026-10-01_10:00 am
2026-09-30 20:56:39,"DERICCO, JACQUELINE",561-352-8725,2026-10-01,10:00 AM,SENT,,c9d7e98ac32606552f728df8723d1ec95f83417cd4543b8509fa72edfbfba19d,+15613528725_2026-10-01_10:00 am
2026-09-30 20:57:25,"ORFINO, ELLEN",305-304-6510,2026-10-01,10:15 AM,SENT,,e75608eeb88afef679d87d92e1a3333302bdcd7a39c97aebaa96f26977634937,+13053046510_2026-10-01_10:15 am
2026-09-30 20:58:10,"Thomas, Samantha",954-393-3902,2026-10-01,10:30 AM,SENT,,047fc002659b40c06bf05df1718e7098ccedfb7609ab93e1b4ec327096e577a9,+19543933902_2026-10-01_10:30 am
2026-09-30 20:58:54,"Owens, RANDOLPH",772-501-7173,2026-10-01,10:30 AM,SENT,,047fc002659b40c06bf05df1718e7098ccedfb7609ab93e1b4ec327096e577a9,+17725017173_2026-10-01_10:30 am
2026-09-30 20:59:40,"HANSON, JONI",630-347-0690,2026-10-01,10:30 AM,SENT,,047fc002659b40c06bf05df1718e7098ccedfb7609ab93e1b4ec327096e577a9,+16303470690_2026-10-01_10:30 am
2026-09-30 21:00:24,"GREEN, SYLVIA",772-359-6219,2026-10-01,10:45 AM,SENT,,2b3ea8ef8343837f6777e8db343940330d6417cc280208c10b54e6c60ebf5284,+17723596219_2026-10-01_10:45 am
2026-09-30 21:01:11,"HANSON, ROBERT",630-514-4489,2026-10-01,10:45 AM,SENT,,2b3ea8ef8343837f6777e8db343940330d6417cc280208c10b54e6c60ebf5284,+16305144489_2026-10-01_10:45 am
2026-09-30 21:01:57,"BRIVERS, DIDZIS",561-236-4267,2026-10-01,11:00 AM,SENT,,cfabc6ae86d20e8227eb36c956f68195b202bc5ba5074befe0f40e402824e6b7,+15612364267_2026-10-01_11:00 am
2026-09-30 21:02:52,"FOGG, RALPH",772-201-7312,2026-10-01,11:00 AM,SENT,,cfabc6ae86d20e8227eb36c956f68195b202bc5ba5074befe0f40e402824e6b7,+17722017312_2026-10-01_11:00 am
2026-09-30 21:03:41,"PINNOCK, REGINALD",772-834-3101,2026-10-01,11:00 AM,SENT,,cfabc6ae86d20e8227eb36c956f68195b202bc5ba5074befe0f40e402824e6b7,+17728343101_2026-10-01_11:00 am
2026-09-30 21:04:34,"Decesare, Elaina",772-979-4724,2026-10-01,11:00 AM,SENT,,cfabc6ae86d20e8227eb36c956f68195b202bc5ba5074befe0f40e402824e6b7,+17729794724_2026-10-01_11:00 am
2026-09-30 21:05:21,"AIELLO, ARTHUR",772-410-7075,2026-10-01,11:15 AM,NOT_DELIVERED,Not Delivered - Weave reported message delivery failure,d8bf29d94945738784f64bf5729a4c87af6b73909794922b14e201dc0a16028d,+17724107075_2026-10-01_11:15 am
2026-09-30 21:06:09,"WILLIAMS, GREGORY",772-466-1192,2026-10-01,11:15 AM,NOT_DELIVERED,Not Delivered - Weave reported message delivery failure,d8bf29d94945738784f64bf5729a4c87af6b73909794922b14e201dc0a16028d,+17724661192_2026-10-01_11:15 am
2026-09-30 21:06:54,"KAHN, ROBERT",772-579-0313,2026-10-01,1:00 PM,SENT,,062fe1f8496aee695fba889cf267ce6324f52bebb9c0efceaaafdf3a40b592b1,+17725790313_2026-10-01_1:00 pm
2026-09-30 21:07:39,"WELLS, WENDY",845-505-5301,2026-10-01,1:00 PM,SENT,,062fe1f8496aee695fba889cf267ce6324f52bebb9c0efceaaafdf3a40b592b1,+18455055301_2026-10-01_1:00 pm
2026-09-30 21:08:44,"JOHNSON, ROGER",772-497-4399,2026-10-01,1:30 PM,SENT,,ea28b2d608c713d73a7bf6fd01b750ef7b3c10e980d669248a648d2949da0b45,+17724974399_2026-10-01_1:30 pm
2026-09-30 21:10:00,"PEACOCK, WILLIAM",516-835-5464,2026-10-01,1:30 PM,SENT,,ea28b2d608c713d73a7bf6fd01b750ef7b3c10e980d669248a648d2949da0b45,+15168355464_2026-10-01_1:30 pm
2026-09-30 21:11:13,"Kozik, Celebrian",772-634-5460,2026-10-01,1:45 PM,SENT,,f3a697f087e4089397988e1fd9df247c0c7bf8a3e18eec8ce85583cd4fa271ec,+17726345460_2026-10-01_1:45 pm
2026-09-30 21:12:39,"LUMFORD, LATOYA",772-643-3371,2026-10-01,2:00 PM,SENT,,46ef11206b0ece593bb9427aec8de1f0db88342ce710e15f65c20c9f464b2103,+17726433371_2026-10-01_2:00 pm
2026-09-30 21:13:56,"FULWOOD, MIE-LIE",772-332-4544,2026-10-01,3:15 PM,SENT,,233c2b874eb8e54f6aa7472152ca89c0fefe416d725c9fec3a053488b9ef6e56,+17723324544_2026-10-01_3:15 pm
2026-09-30 21:15:05,"EVERETT, KENNETH",772-460-4718,2026-10-01,3:45 PM,SENT,,c8300c5a356bd09afb31cc9a620ae2edac87857d5e75ca65aca614427ed75525,+17724604718_2026-10-01_3:45 pm
2026-09-30 21:16:12,"PARRISH, BRANDY",772-205-4457,2026-10-01,4:00 PM,SENT,,2b5412dcc6dc040bcd57a70036eb9a949c5e98eebb8b1b981cd6c519424896b5,+17722054457_2026-10-01_4:00 pm
2026-09-30 21:17:31,"Sanders, Lorenza",772-323-6332,2026-10-01,4:15 PM,SENT,,794a25f46c1bdc6d0afc8fe541186104fea939a0f96cf402be603ae44cdab17c,+17723236332_2026-10-01_4:15 pm
2026-09-30 21:18:40,"MCDONOUGH, SEAN",772-279-5946,2026-10-01,8:15 AM,SENT,,c6aa553de77bf04271a9bfb926089569092e8153b77907e38e885ee8b29e8f44,+17722795946_2026-10-01_8:15 am
2026-09-30 21:19:50,"SIEGEL, HEDWIG",772-359-3470,2026-10-01,8:45 AM,SENT,,e27d71be1a8f218b947f70e24bac2a73bb6eebcc3107796f9ecf5e9de73d81fd,+17723593470_2026-10-01_8:45 am
2026-09-30 21:20:55,JOHNSON PAUL,772-461-3963,2026-10-01,9:00 AM,NOT_DELIVERED,Not Delivered - Weave reported message delivery failure,305c8e09c91819cc45dd0f8e1f3de2aea812051ec673ff55d47b6a0e39a2b39b,+17724613963_2026-10-01_9:00 am
2026-09-30 21:21:39,"BENJAMIN, WILLIAM",772-579-5815,2026-10-01,9:15 AM,MESSAGE_INPUT_NOT_FOUND,Message composition failed,f6bd3c100a25e33e289337feed3fdf373a2cbbefb616a7ebf82c53b1790efad1,+17725795815_2026-10-01_9:15 am
2026-09-30 21:22:28,"GRADY, JOHN",772-634-8805,2026-10-01,9:15 AM,SENT,,f6bd3c100a25e33e289337feed3fdf373a2cbbefb616a7ebf82c53b1790efad1,+17726348805_2026-10-01_9:15 am
2026-09-30 21:23:32,"Duncan, Scott",772-828-6543,2026-10-01,9:30 AM,SENT,,feb6242f98ca1b56c249d6993d56359fe9ac31842cc16de3569bd4f2d0af5e61,+17728286543_2026-10-01_9:30 am
2026-09-30 21:29:02,"COMPLETO JR, LAZARO",772-249-6988,2026-10-01,1:00 PM,NOT_DELIVERED,Not Delivered - Weave reported message delivery failure,062fe1f8496aee695fba889cf267ce6324f52bebb9c0efceaaafdf3a40b592b1,+17722496988_2026-10-01_1:00 pm
2026-09-30 21:29:54,"Johnson, Nancy",772-209-0547,2026-10-01,1:30 PM,SENT,,ea28b2d608c713d73a7bf6fd01b750ef7b3c10e980d669248a648d2949da0b45,+17722090547_2026-10-01_1:30 pm
2026-09-30 21:30:49,"CITTO, ROBERT",518-275-7941,2026-10-01,2:00 PM,SENT,,46ef11206b0ece593bb9427aec8de1f0db88342ce710e15f65c20c9f464b2103,+15182757941_2026-10-01_2:00 pm
2026-09-30 21:31:41,"HARPER, JUANTIA",772-242-0385,2026-10-01,2:30 PM,SENT,,f50570e27a7f94739ec98cb6b2a6cfb34a017567f13cf7b78d4b76c6170e856d,+17722420385_2026-10-01_2:30 pm
2026-09-30 21:32:33,"TINDALL, DOROTHY",772-464-2794,2026-10-01,3:30 PM,SENT,,834fd3a31166755de205c834240b5c7e982e45449711fcf84c8832fd693fdc45,+17724642794_2026-10-01_3:30 pm
2026-09-30 21:33:26,"JOSEPH, GUERDA",772-801-7661,2026-10-01,3:45 PM,NOT_DELIVERED,Not Delivered - Weave reported message delivery failure,c8300c5a356bd09afb31cc9a620ae2edac87857d5e75ca65aca614427ed75525,+17728017661_2026-10-01_3:45 pm
2026-09-30 21:34:15,"HALL, ELNORA",772-971-6159,2026-10-01,4:00 PM,NOT_DELIVERED,Not Delivered - Weave reported message delivery failure,2b5412dcc6dc040bcd57a70036eb9a949c5e98eebb8b1b981cd6c519424896b5,+17729716159_2026-10-01_4:00 pm
2026-09-30 21:35:00,"Ng, Kyle",845-505-4433,2026-10-01,4:15 PM,NOT_DELIVERED,Not Delivered - Weave reported message delivery failure,794a25f46c1bdc6d0afc8fe541186104fea939a0f96cf402be603ae44cdab17c,+18455054433_2026-10-01_4:15 pm
2026-09-30 21:35:55,"ANDRADE, JAMEICA",772-501-9906,2026-10-01,8:15 AM,NOT_DELIVERED,Not Delivered - Weave reported message delivery failure,c6aa553de77bf04271a9bfb926089569092e8153b77907e38e885ee8b29e8f44,+17725019906_2026-10-01_8:15 am
2026-09-30 21:36:43,"HUTCHINS, LISA",772-801-1360,2026-10-01,9:00 AM,SENT,,305c8e09c91819cc45dd0f8e1f3de2aea812051ec673ff55d47b6a0e39a2b39b,+17728011360_2026-10-01_9:00 am
2026-09-30 21:37:39,Hemlata Shah,561-208-6041,2026-10-01,9:00 AM,SENT,,305c8e09c91819cc45dd0f8e1f3de2aea812051ec673ff55d47b6a0e39a2b39b,+15612086041_2026-10-01_9:00 am
2026-09-30 21:38:02,"BENJAMIN, WILLIAM",772-579-5815,2026-10-01,9:15 AM,MESSAGE_INPUT_NOT_FOUND,Message composition failed,f6bd3c100a25e33e289337feed3fdf373a2cbbefb616a7ebf82c53b1790efad1,+17725795815_2026-10-01_9:15 am
2026-09-30 21:38:54,"CAREY, NORMA",772-940-7917,2026-10-01,9:30 AM,SENT,,feb6242f98ca1b56c249d6993d56359fe9ac31842cc16de3569bd4f2d0af5e61,+17729407917_2026-10-01_9:30 am
2026-09-30 21:39:47,"NASSER, ROBERT",772-200-6801,2026-10-01,9:45 AM,SENT,,8cc2b25109d3b8d5e18a90713cba6f9b9dd54b0c0ca3044c04663ae78ed9414d,+17722006801_2026-10-01_9:45 am
2026-10-01 21:00:38,"BURTON, REBECCA",772-293-1685,2026-10-02,10:00 AM,READY_TO_SEND,,523c4bd472514f7f3ba55fafaee7343d7068f2ab649364822c0dfc1b9d731e47,+17722931685_2026-10-02_10:00 am
2026-10-01 21:00:54,"Tobar, Catalina",772-985-3297,2026-10-02,10:00 AM,READY_TO_SEND,,523c4bd472514f7f3ba55fafaee7343d7068f2ab649364822c0dfc1b9d731e47,+17729853297_2026-10-02_10:00 am
2026-10-01 21:02:29,"BURTON, REBECCA",772-293-1685,2026-10-02,10:00 AM,NOT_DELIVERED,Not Delivered - Weave reported message delivery failure,523c4bd472514f7f3ba55fafaee7343d7068f2ab649364822c0dfc1b9d731e47,+17722931685_2026-10-02_10:00 am
2026-10-01 21:03:10,"Tobar, Catalina",772-985-3297,2026-10-02,10:00 AM,FAILED,Recipient Mismatch (Sharon Williams),523c4bd472514f7f3ba55fafaee7343d7068f2ab649364822c0dfc1b9d731e47,+17729853297_2026-10-02_10:00 am
2026-10-01 21:03:50,"Joseph, Roosevelt",954-358-7967,2026-10-02,10:00 AM,FAILED,Recipient Mismatch (Sharon Williams),523c4bd472514f7f3ba55fafaee7343d7068f2ab649364822c0dfc1b9d731e47,+19543587967_2026-10-02_10:00 am
2026-10-01 21:04:30,"FITZPATRICK, FAITH",772-332-0054,2026-10-02,10:15 AM,NOT_DELIVERED,Not Delivered - Weave reported message delivery failure,09d6c1c1f70b7115712d3632dbfef2c39cfa0272df1dec89f785f4681173af5b,+17723320054_2026-10-02_10:15 am
2026-10-01 21:05:11,"THOMAS, EDWARD",561-670-8086,2026-10-02,10:15 AM,FAILED,Recipient Mismatch (Sharon Williams),09d6c1c1f70b7115712d3632dbfef2c39cfa0272df1dec89f785f4681173af5b,+15616708086_2026-10-02_10:15 am
2026-10-01 21:05:50,"ONEAL, SANDRA",786-712-1103,2026-10-02,10:30 AM,FAILED,Recipient Mismatch (Sharon Williams),6f0f60173c426d406319993f20f6bd8d70980ccf155fc11011e5e92743ed524e,+17867121103_2026-10-02_10:30 am
2026-10-01 21:06:29,"GRAHAM, LINDA",772-306-3420,2026-10-02,10:30 AM,FAILED,Recipient Mismatch (Sharon Williams),6f0f60173c426d406319993f20f6bd8d70980ccf155fc11011e5e92743ed524e,+17723063420_2026-10-02_10:30 am
2026-10-01 21:07:09,"SMEDS, RHAINA",772-485-4008,2026-10-02,10:30 AM,FAILED,Recipient Mismatch (Sharon Williams),6f0f60173c426d406319993f20f6bd8d70980ccf155fc11011e5e92743ed524e,+17724854008_2026-10-02_10:30 am
2026-10-01 21:07:52,"Marrone, Alana",805-551-0501,2026-10-02,10:45 AM,FAILED,Recipient Mismatch (Sharon Williams),fa12ffc8068e60425839ba0e06ad8e4d5d2f168332d59e5678e08226578cd14f,+18055510501_2026-10-02_10:45 am
2026-10-01 21:08:32,"Garcia, Shelley",772-332-9288,2026-10-02,11:00 AM,FAILED,Recipient Mismatch (Sharon Williams),ea75f777c56eda064416463c8efc8179817def472da1e7b3eb8b7833c78dce4c,+17723329288_2026-10-02_11:00 am
2026-10-01 21:09:09,"Jensen, John",772-867-6134,2026-10-02,11:00 AM,FAILED,Recipient Mismatch (Sharon Williams),ea75f777c56eda064416463c8efc8179817def472da1e7b3eb8b7833c78dce4c,+17728676134_2026-10-02_11:00 am
2026-10-01 21:09:49,"Richards, Carolyn",772-924-5328,2026-10-02,11:00 AM,FAILED,Recipient Mismatch (Sharon Williams),ea75f777c56eda064416463c8efc8179817def472da1e7b3eb8b7833c78dce4c,+17729245328_2026-10-02_11:00 am
2026-10-01 21:10:29,"Biris, Alexandru",407-308-7673,2026-10-02,11:00 AM,FAILED,Recipient Mismatch (Sharon Williams),ea75f777c56eda064416463c8efc8179817def472da1e7b3eb8b7833c78dce4c,+14073087673_2026-10-02_11:00 am
2026-10-01 21:11:07,"SMITH, BEVERLEE",772-418-5135,2026-10-02,11:30 AM,FAILED,Recipient Mismatch (Sharon Williams),a190b5d4101beef4afc98d038a73d45284fc2cade2353260950e5703d556741d,+17724185135_2026-10-02_11:30 am
2026-10-01 21:11:47,MINCEY DEBRA,772-464-1576,2026-10-02,11:30 AM,FAILED,Recipient Mismatch (Sharon Williams),a190b5d4101beef4afc98d038a73d45284fc2cade2353260950e5703d556741d,+17724641576_2026-10-02_11:30 am
2026-10-01 21:12:27,"ORLIC, VELJKO",772-466-7094,2026-10-02,1:00 PM,FAILED,Recipient Mismatch (Sharon Williams),e5bed46c83f5790bd41d4835fce51ac726874ea2940206ec9d81867b18cecad8,+17724667094_2026-10-02_1:00 pm
2026-10-01 21:13:10,"YOUNG, TRISIA",772-971-5828,2026-10-02,1:00 PM,FAILED,Recipient Mismatch (Sharon Williams),e5bed46c83f5790bd41d4835fce51ac726874ea2940206ec9d81867b18cecad8,+17729715828_2026-10-02_1:00 pm
2026-10-01 21:13:49,"Pierre, Jacques",561-538-2279,2026-10-02,1:00 PM,FAILED,Recipient Mismatch (Sharon Williams),e5bed46c83f5790bd41d4835fce51ac726874ea2940206ec9d81867b18cecad8,+15615382279_2026-10-02_1:00 pm
2026-10-01 21:14:28,"Schaeffer, Thomas",772-473-0845,2026-10-02,1:15 PM,FAILED,Recipient Mismatch (Sharon Williams),d6578c9f51651dae56048ffb5d16a626876521221ee15b60389b5d5044399449,+17724730845_2026-10-02_1:15 pm
2026-10-01 21:15:09,"Rhoads, Paige",682-716-6223,2026-10-02,1:15 PM,FAILED,Recipient Mismatch (Sharon Williams),d6578c9f51651dae56048ffb5d16a626876521221ee15b60389b5d5044399449,+16827166223_2026-10-02_1:15 pm
2026-10-01 21:15:50,"KELLY, SUSAN",772-971-9293,2026-10-02,1:30 PM,FAILED,Recipient Mismatch (Sharon Williams),f75c0712bf332068951fd80a3c2900e068e63b0ff67ce829658d3edccf14f415,+17729719293_2026-10-02_1:30 pm
2026-10-01 21:16:31,"WILSON, DONNA",772-479-4238,2026-10-02,1:45 PM,NOT_DELIVERED,Not Delivered - Weave reported message delivery failure,5b4f75ca84db7930611edd5f56122ee95d6f2362da48550900468b563ae60392,+17724794238_2026-10-02_1:45 pm
2026-10-01 21:17:10,"Ramos, Maria",786-251-2910,2026-10-02,1:45 PM,FAILED,Recipient Mismatch (Sharon Williams),5b4f75ca84db7930611edd5f56122ee95d6f2362da48550900468b563ae60392,+17862512910_2026-10-02_1:45 pm
2026-10-01 21:17:51,"Hernandez, Justin",786-342-9517,2026-10-02,2:00 PM,FAILED,Recipient Mismatch (Sharon Williams),0e81f9aff4ad87082090b337d7855298d396d47717f0c31f4a9f6dbf5fdbb02e,+17863429517_2026-10-02_2:00 pm
2026-10-01 21:18:34,"ST LUCE, TREVOR",954-479-9404,2026-10-02,2:15 PM,FAILED,Recipient Mismatch (Sharon Williams),8650100291f11af75e2786d917573205e451490cac7b750515cb39498039caa7,+19544799404_2026-10-02_2:15 pm
2026-10-01 21:19:17,"CRUICKSHANK, JERELEAN",772-940-6603,2026-10-02,3:00 PM,FAILED,Recipient Mismatch (Sharon Williams),65a5bf18bef4edfc9ac733abdfc70c9e5e8159ce218095ebab5b5b0f7c4c689a,+17729406603_2026-10-02_3:00 pm
2026-10-01 21:19:55,"Florence, Sidney",954-268-5107,2026-10-02,3:00 PM,FAILED,Recipient Mismatch (Sharon Williams),65a5bf18bef4edfc9ac733abdfc70c9e5e8159ce218095ebab5b5b0f7c4c689a,+19542685107_2026-10-02_3:00 pm
2026-10-01 21:20:32,"Delphin, Billydave",561-731-9572,2026-10-02,3:15 PM,FAILED,Recipient Mismatch (Sharon Williams),3b348b32a48e4bbdca115bb544842c0dfb3f481953448324e1dd53e073c99241,+15617319572_2026-10-02_3:15 pm
2026-10-01 21:21:08,"LUNA, SARA",772-519-2447,2026-10-02,3:45 PM,FAILED,Recipient Mismatch (Sharon Williams),f5f3168a4c3b768c7125ceb00ef8a0675941b7a9fd50270a898cb4c9b37edff1,+17725192447_2026-10-02_3:45 pm
2026-10-01 21:21:44,"Pernisco, Andrew",479-330-0951,2026-10-02,4:00 PM,FAILED,Recipient Mismatch (Sharon Williams),5a683ce68d90d8eb558621b2f7f38f028a8d7ad6677128b9e50b6233fdf1f1b5,+14793300951_2026-10-02_4:00 pm
2026-10-01 21:22:20,"BUTLER, SHALONDA",772-332-2700,2026-10-02,4:15 PM,FAILED,Recipient Mismatch (Sharon Williams),33df41fa69a02bc37acf92f6d7c194d70e44438aa04130ce98f21b76018c442c,+17723322700_2026-10-02_4:15 pm
2026-10-01 21:22:57,"Stevenson, Thomas",727-637-9314,2026-10-02,8:15 AM,FAILED,Recipient Mismatch (Sharon Williams),528f1c60e7cdc4ddbd13ba04de65f7e6ec373db8596b2483757a144edc92fc37,+17276379314_2026-10-02_8:15 am
2026-10-01 21:23:34,"Calvert, Jacquelyn",772-380-8848,2026-10-02,8:30 AM,FAILED,Recipient Mismatch (Sharon Williams),8a3001f777ed15f538544b82034d5f41e94f20dd3ac396a2596a2151264da9f9,+17723808848_2026-10-02_8:30 am
2026-10-01 21:24:11,"GAYNOR, CARMEN",732-894-6342,2026-10-02,9:00 AM,FAILED,Recipient Mismatch (Sharon Williams),6d96eda86026ad35411ec27d200bd2e09bdfc7176ba5c91f56d327e52a19ac60,+17328946342_2026-10-02_9:00 am
2026-10-01 21:24:50,"KELLY, MARVIN",772-464-6122,2026-10-02,9:00 AM,FAILED,Recipient Mismatch (Sharon Williams),6d96eda86026ad35411ec27d200bd2e09bdfc7176ba5c91f56d327e52a19ac60,+17724646122_2026-10-02_9:00 am
2026-10-01 21:25:26,"WILSON, TRENITA",772-212-6023,2026-10-02,9:15 AM,FAILED,Recipient Mismatch (Sharon Williams),55bac575a80fe01b72c4154b53076c6a7efd58610fb670f993423be1afde933f,+17722126023_2026-10-02_9:15 am
2026-10-01 21:26:05,"SCOTT, EILEEN",954-829-6024,2026-10-02,9:30 AM,FAILED,Recipient Mismatch (Sharon Williams),e99a0718080a5976318b450362008d956b4d3427026439148c88f0e4038a8f31,+19548296024_2026-10-02_9:30 am
2026-10-01 21:26:48,"LONG, LARRY",772-332-2015,2026-10-02,9:30 AM,FAILED,Recipient Mismatch (Sharon Williams),e99a0718080a5976318b450362008d956b4d3427026439148c88f0e4038a8f31,+17723322015_2026-10-02_9:30 am
2026-10-01 21:37:36,"MCMILLIAN, LESSIE",315-414-1683,2026-10-02,9:45 AM,FAILED,Recipient Mismatch (Sharon Williams),36d88c1eaba886c3a4f7629a4167628f8c1d7b677f28ea48ca68bff794f74246,+13154141683_2026-10-02_9:45 am
2026-10-01 22:08:09,"Stevenson, Thomas",727-637-9314,10/02/2026,8:15 AM,NO_RECIPIENT_FOUND,No matching contact found in search for phone '727-637-9314',,+17276379314_10/02/2026_8:15 am
2026-10-01 22:08:15,"Calvert, Jacquelyn",772-380-8848,10/02/2026,8:30 AM,NO_RECIPIENT_FOUND,No matching contact found in search for phone '772-380-8848',,+17723808848_10/02/2026_8:30 am
2026-10-01 22:08:22,"KELLY, MARVIN",772-464-6122,10/02/2026,9:00 AM,NO_RECIPIENT_FOUND,No matching contact found in search for phone '772-464-6122',,+17724646122_10/02/2026_9:00 am
2026-10-01 22:08:29,"GAYNOR, CARMEN",732-894-6342,10/02/2026,9:00 AM,NO_RECIPIENT_FOUND,No matching contact found in search for phone '732-894-6342',,+17328946342_10/02/2026_9:00 am
2026-10-01 22:08:35,"WILSON, TRENITA",772-212-6023,10/02/2026,9:15 AM,NO_RECIPIENT_FOUND,No matching contact found in search for phone '772-212-6023',,+17722126023_10/02/2026_9:15 am
2026-10-01 22:08:41,"LONG, LARRY",772-332-2015,10/02/2026,9:30 AM,NO_RECIPIENT_FOUND,No matching contact found in search for phone '772-332-2015',,+17723322015_10/02/2026_9:30 am
2026-10-01 22:08:46,"SCOTT, EILEEN",954-829-6024,10/02/2026,9:30 AM,NO_RECIPIENT_FOUND,No matching contact found in search for phone '954-829-6024',,+19548296024_10/02/2026_9:30 am
2026-10-01 22:08:51,"Duncan, Scott",772-828-6543,10/02/2026,9:45 AM,NO_RECIPIENT_FOUND,No matching contact found in search for phone '772-828-6543',,+17728286543_10/02/2026_9:45 am
2026-10-01 22:08:57,"MCMILLIAN, LESSIE",315-414-1683,10/02/2026,9:45 AM,NO_RECIPIENT_FOUND,No matching contact found in search for phone '315-414-1683',,+13154141683_10/02/2026_9:45 am
2026-10-01 22:09:03,"BURTON, REBECCA",772-293-1685,10/02/2026,10:00 AM,NO_RECIPIENT_FOUND,No matching contact found in search for phone '772-293-1685',,+17722931685_10/02/2026_10:00 am
2026-10-01 22:09:12,"Tobar, Catalina",772-985-3297,10/02/2026,10:00 AM,NO_RECIPIENT_FOUND,No matching contact found in search for phone '772-985-3297',,+17729853297_10/02/2026_10:00 am
2026-10-01 22:09:21,"Joseph, Roosevelt",954-358-7967,10/02/2026,10:00 AM,NO_RECIPIENT_FOUND,No matching contact found in search for phone '954-358-7967',,+19543587967_10/02/2026_10:00 am
2026-10-01 22:09:29,"FITZPATRICK, FAITH",772-332-0054,10/02/2026,10:15 AM,NO_RECIPIENT_FOUND,No matching contact found in search for phone '772-332-0054',,+17723320054_10/02/2026_10:15 am
2026-10-01 22:09:40,"THOMAS, EDWARD",561-670-8086,10/02/2026,10:15 AM,NO_RECIPIENT_FOUND,No matching contact found in search for phone '561-670-8086',,+15616708086_10/02/2026_10:15 am
2026-10-01 22:09:49,"ONEAL, SANDRA",786-712-1103,10/02/2026,10:30 AM,NO_RECIPIENT_FOUND,No matching contact found in search for phone '786-712-1103',,+17867121103_10/02/2026_10:30 am
2026-10-01 22:09:54,"GRAHAM, LINDA",772-306-3420,10/02/2026,10:30 AM,NO_RECIPIENT_FOUND,No matching contact found in search for phone '772-306-3420',,+17723063420_10/02/2026_10:30 am
2026-10-01 22:10:00,"SMEDS, RHAINA",772-485-4008,10/02/2026,10:30 AM,NO_RECIPIENT_FOUND,No matching contact found in search for phone '772-485-4008',,+17724854008_10/02/2026_10:30 am
