patient_name,phone,appointment_date,appointment_time
"Stevenson, Thomas",727-637-9314,10/02/2026,8:15 AM
"Calvert, Jacquelyn",772-380-8848,10/02/2026,8:30 AM
"KELLY, MARVIN",772-464-6122,10/02/2026,9:00 AM
"GAYNOR, CARMEN",732-894-6342,10/02/2026,9:00 AM
"WILSON, TRENITA",772-212-6023,10/02/2026,9:15 AM
"LONG, LARRY",772-332-2015,10/02/2026,9:30 AM
"SCOTT, EILEEN",954-829-6024,10/02/2026,9:30 AM
"Duncan, Scott",772-828-6543,10/02/2026,9:45 AM
"MCMILLIAN, LESSIE",315-414-1683,10/02/2026,9:45 AM
"BURTON, REBECCA",772-293-1685,10/02/2026,10:00 AM
"Tobar, Catalina",772-985-3297,10/02/2026,10:00 AM
"Joseph, Roosevelt",954-358-7967,10/02/2026,10:00 AM
"FITZPATRICK, FAITH",772-332-0054,10/02/2026,10:15 AM
"THOMAS, EDWARD",561-670-8086,10/02/2026,10:15 AM
"ONEAL, SANDRA",786-712-1103,10/02/2026,10:30 AM
"GRAHAM, LINDA",772-306-3420,10/02/2026,10:30 AM
"SMEDS, RHAINA",772-485-4008,10/02/2026,10:30 AM
"Marrone, Alana",805-551-0501,10/02/2026,10:45 AM
"Richards, Carolyn",772-924-5328,10/02/2026,11:00 AM
"Biris, Alexandru",407-308-7673,10/02/2026,11:00 AM
"Garcia, Shelley",772-332-9288,10/02/2026,11:00 AM
"Jensen, John",772-867-6134,10/02/2026,11:00 AM
"Davis, Erica",561-876-8433,10/02/2026,11:30 AM
"MINCEY, DEBRA",772-464-1576,10/02/2026,11:30 AM
"SMITH, BEVERLEE",772-418-5135,10/02/2026,11:30 AM
"YOUNG, TRISIA",772-971-5828,10/02/2026,1:00 PM
"ORLIC, VELJKO",772-466-7094,10/02/2026,1:00 PM
"Schaeffer, Thomas",772-473-0845,10/02/2026,1:15 PM
"WILSON, DONNA",772-479-4238,10/02/2026,1:45 PM
"Ramos, Maria",786-251-2910,10/02/2026,1:45 PM
"CRUICKSHANK, JERELEAN",772-940-6603,10/02/2026,3:00 PM
"CRUICKSHANK, CEPHUS",772-940-6603,10/02/2026,3:00 PM
"Florence, Sidney",954-268-5107,10/02/2026,3:00 PM
"Delphin, Billydave",561-731-9572,10/02/2026,3:15 PM
"LUNA, SARA",772-519-2447,10/02/2026,3:45 PM
"ST LOUIS, MIRLANDE",321-877-5238,10/02/2026,4:00 PM
"Pernisco, Andrew",479-330-0951,10/02/2026,4:00 PM
"Rhoads, Paige",682-716-6223,10/02/2026,1:15 PM
"KELLY, SUSAN",772-971-9293,10/02/2026,1:30 PM
"Hernandez, Justin",786-342-9517,10/02/2026,2:00 PM
"ST LUCE, TREVOR",954-479-9404,10/02/2026,2:15 PM
"Pierre, Jacques",561-538-2279,10/02/2026,1:00 PM
"BUTLER, SHALONDA",772-332-2700,10/02/2026,4:15 PM
Hemlata Shah,561-208-6041,10/02/2026,4:30 PM